{"cameraMode":{"drawMode":0,"name":"Shaded","section":"Shading Mode"},"sceneLighting":true,"audioPlay":false,"sceneViewState":{"showFog":true,"showMaterialUpdate":false,"showSkybox":true,"showFlares":true,"showImageEffects":true,"showParticleSystems":true},"in2DMode":false,"pivot":{"x":6.380394458770752,"y":4.341215133666992,"z":-9.610128402709961},"rotation":{"x":0.014098058454692364,"y":0.01379443146288395,"z":0.00019447272643446922,"w":-0.9998063445091248},"size":8.381199836730957,"orthographic":true}