{"cameraMode":{"drawMode":0,"name":"Shaded","section":"Shading Mode"},"sceneLighting":true,"audioPlay":false,"sceneViewState":{"showFog":true,"showMaterialUpdate":false,"showSkybox":true,"showFlares":true,"showImageEffects":true,"showParticleSystems":true},"in2DMode":false,"pivot":{"x":0.34754514694213869,"y":-1.0832972526550294,"z":-6.620620250701904},"rotation":{"x":-0.1809820979833603,"y":0.7642843127250671,"z":-0.24297690391540528,"w":-0.5692795515060425},"size":6.476176738739014,"orthographic":false}